country,fh9800,fh90s,pol6670,pol70s,pol80s,pol90s,gdp90lgn,loggdp60s,loggdp70s,loggdp80s,muslimfish,islam,arab,catholic,opec,fuelavg,neighbors,polcomp7090,polcomp60s,polcomp70s,fatmids90s,fatmids60s,fatmids70s,fatmids80s,snew125fish,ltdf90pfish,wgvtnewfish,parl99,parl00,edrat97,edrat99,lifexp97,lifexp00,ecactr97,ecactr00,wommin00,litgap00,educgen,gini,urban
Afg,1,1.0999999,-7,-6.3000002,-7.1999998,-7.25,2.2504201,,,,1,1,0,0,0,0.024329731,-4.3800001,1.25,1.7,1.1,3,3,0,0,105.98,29,0,0,0,0.375,0.375,1.0118203,1.0117041,56.81818,56.81818,0,30,25.248951,0.33000001,20.665199
Alb,3.5,4.0999999,-9,-9,-8,4.1300001,2.925312,,6.8134084,6.8228993,1,0.69999999,0,0,0,0.00125485,3.5599999,1.2380953,1,1,4,0,0,0,92.580002,18,11,23.200001,23.1,1.0149254,1,1.0858369,1.0838069,73,73,15,7,71,0.44,37.900002
Alg,2.5,2.1500001,-9,-9,-7.5999999,-4.3800001,3.214314,6.9631629,7.3021126,7.4528589,1,0.99000001,1,0.007,1,0.24991687,0.72000003,1.5714285,1,1,0,0,0,1,102.09,27,6,3.8,3.4000001,0.90140843,0.92000002,1.0414815,1.0440528,36,39,0,17.9,72,0.34,57.200001
Ang,2,1.9000001,,-7,-7,-3,2.8241258,,6.5774598,6.487401,0,0,0,0.72600001,0,0.26519778,0.40000001,1,,1,1,0,1,0,101.21,28,11,15.5,15.5,0.86206895,0.83999997,1.0712695,1.0615034,84.300003,82,14.7,,23,0.44,32.299999
Arg,5.6666665,5.6500001,-9,-4.5,4.5999999,8,3.762078,8.6909618,8.8946152,8.7977915,0,0,0,0.89899999,0,0.008489509,8.3000002,4.3333335,1.5,2.8,0,2,0,1,98.040001,0,9,22.799999,30.700001,1.0649351,1.075,1.1018652,1.1012839,45.299999,46,7.3000002,3.2,83,0.47,88.599998
Arm,4,3.9499998,,,,3,3.1878026,,,7.3408451,0,0,0,0,0,0.009601317,1.33,1.1428572,,,2,0,0,0,95.230003,3,4,6.3000002,3.0999999,0.9066667,0.93902439,1.0952381,1.0859599,88.300003,88,0,0.40000001,80,0.28,69.099998
Austria,7,7,10,10,10,10,4.4355416,9.4741316,9.8800859,10.104821,0,0,0,0.86299998,0,0.003137764,7.8200002,10,10,10,0,0,0,0,95.470001,0,7,24.700001,26.799999,0.98837209,0.98888886,1.0881954,1.082777,65.300003,65,31.299999,0,90,0.22,64.400002
Austrl,7,7,10,10,10,10,4.255827,9.3839827,9.608429,9.7642841,0,0,0,0.31999999,0,0.029388679,7.8200002,10,10,10,0,0,0,0,99.370003,0,17,25.9,25.9,1,1,1.0741721,1.0741721,75.400002,75.400002,14.7,0,100,0.34,84.599998
Aze,2.8333333,2.5999999,,,,-4.1300001,3.0281644,,,,1,0.85000002,0,0,0,0.17830758,0.75999999,1.1428572,,,2,0,0,0,94.919998,3,6,12,10.5,1.057971,1.0285715,1.1312977,1.1029412,76.199997,75,2.5999999,0,71,0.28,56.299999
Bahr,1.5,1.85,,-9.3999996,-10,-9.25,3.9320168,,9.288331,9.0401812,1,1,1,0.008,0,0.48838738,-7.4699998,1.1,,1.2,0,0,0,0,129.77,12,1,19.6,19.6,1.084507,1.0779221,1.093617,1.0586592,85.099998,39,18.799999,8.3999996,80,0.36000001,87.400002
Bang,4.6666665,4.9499998,,-2.1111112,-5.6999998,6,2.4377506,5.5645781,5.4600363,5.5731902,1,0.82999998,0,0.002,0,0.00052372,0.80000001,2.3684211,,3.1111112,0,0,1,5,105.27,23,1,9.1000004,2,0.75,0.80487806,1.0017211,1.0016835,77.199997,76,9.5,27.1,37,0.31999999,19.4
Bela,2,2.9000001,,,,0.88,3.4410665,,,7.3670235,0,0,0,0,0,0.064827561,7.52,1.1428572,,,0,0,0,0,89.300003,1,8,10.3,10.3,1.051282,1.0533333,1.1881028,1.1847134,84.400002,82,25.700001,0.60000002,77,0.20999999,72.5
Belg,6.5,6.75,10,10,10,10,4.410676,9.4661684,9.8426914,10.038196,0,0,0,0.83499998,0,0.0210627,9.8000002,10,10,10,0,0,0,0,95.889999,0,5,15.8,23.299999,1,1,1.0921409,1.0837766,65.300003,66,18.5,0,100,0.23999999,97.099998
Ben,5.8333335,6,-6,-6.5,-6.3000002,9,2.5378191,5.8304834,5.8517971,5.9154544,0,0.15000001,0,0.185,0,0.011607721,-1.4299999,1.6,2.4000001,1.6,0,0,0,0,95.879997,25,10,7.1999998,6,0.55555558,0.98630136,1.0676982,1.0652591,90.199997,90,10.5,6.8000002,45,0.44,39.900002
Bhut,1.5,1.15,-8,-8,-8,-8,2.5877109,,5.4453506,5.7537122,0,0,0,0,0,0.077913567,0.80000001,2,2,2,0,0,0,0,106.51,28,5,2,9.3000002,0.71428573,0.71428573,1.0420169,1.0411184,66.699997,65,12.5,27.799999,33,0.34,6.5
Bol,6,5.6500001,-4.1999998,-6.4000001,7.0999999,9,2.9222062,6.8089018,6.9041018,6.7534595,0,0,0,0.92500001,0,0.01935133,6.21,4.4285712,3.9000001,1.4,0,0,0,0,97.379997,17,8,11.6,11.5,0.85333335,0.91780823,1.0568562,1.0575658,59.299999,58,0,6.6999998,70,0.40000001,62.299999
Bos,3.1666667,2.6300001,,,,1,3.0390174,,,,1,0.44,0,0.15000001,0,0,-4.0900002,1.0952381,,,3,0,0,0,95.230003,,6,5,5,1.001917,1.001917,1.059155,1.0671831,62.820515,62.820515,6,,52.83387,0.31,41.732899
Bot,6,6,7,9,9,8,3.4947109,5.9825912,7.0005364,7.7243528,0,0,0,0.093999997,0,0,3.03,9,9,9,0,0,4,0,94.629997,-5,19,8.5,17,1.0434783,1,1.0476191,0.99751246,81,77,26.700001,20.200001,70,0.44,66.099998
Bra,4.6666665,4.9000001,-9,-5.5,3.2,8,3.6104472,7.5999551,8.161706,8.3132896,0,0,0,0.87800002,0,0.000969181,6.79,3.8095238,2.7,1.7,0,0,0,0,97.470001,2,12,5.9000001,6.8000002,0.93902439,1.0126582,1.1251981,1.1232449,53.400002,52,0,14.6,80,0.56999999,79.599998
Bul,5.5,5.6500001,-7,-7,-5.5,8,3.2345173,,7.1921468,7.3864818,0,0.13,0,0.005,0,0.029283104,4.98,1.2857143,1,1,0,0,0,0,95.669998,2,12,10.8,26.200001,1.0735294,1.1014493,1.1050296,1.1147541,88.599998,86,18.799999,1.1,72,0.27000001,69
Burk,3.8333333,3.4499998,-6.1999998,-2.0999999,-7,-4.25,2.3521826,5.0562029,5.1499023,5.2804017,1,0.2,0,0,0,0.000113211,2.73,2.2,1.3,3.0999999,0,0,2,2,95.550003,17,10,10.5,8.1000004,0.625,0.64285713,1.0366973,1.0438596,86.800003,85,8.6000004,26.9,23,0.46000001,16.9
Buru,1.8333334,1.5500002,-7,-7,-7,-5,2.3138673,4.8812108,5.1410704,5.2811399,0,0,0,0.78299999,0,1.6148E-05,-5.5999999,1,2.8888888,1,0,0,0,0,97.419998,23,5,6,19.5,0.80000001,0.76190478,1.0682927,1.0428212,91.5,89,4.5,31.6,18,0.31999999,8.1000004
Camb,2,2.25,-7.1999998,-3.5999999,0,-1.33,2.3802114,,,5.4727359,0,0,0,0.001,0,1.36674E-05,0.5,2,0.89999998,1.2,2,6,12,7,94.129997,37,7,8.1999998,7.4000001,0.79411763,0.76056337,1.0679612,1.0871985,101.3,97,7.0999999,14.3,62,0.38,21.6
Camr,1.6666666,2.0500002,-7,-7.9000001,-7.9000001,-7.1300001,2.8830934,6.2446885,6.4209695,6.7955952,0,0.22,0,0.34999999,0,0.071493424,-1.42,1,1.5,1,2,0,0,1,99.610001,18,6,5.5999999,5.5999999,0.8125,0.82978725,1.0486891,1.0304878,59.900002,58,5.8000002,14.5,43,0.44,46.400002
Can,7,7,10,10,10,10,4.2823954,9.3765259,9.6159163,9.795207,0,0,0,0.46599999,0,0.031852007,10,10,10,10,0,0,0,0,96.739998,0,24,23.299999,20.6,1.0416666,1.0208334,1.0749015,1.0723684,81.400002,82,24.299999,0,97,0.30000001,76.800003
CAR,4.5,4,-7,-7,-7,3,2.5599067,6.0966005,6.118422,5.9656301,0,0.050000001,0,0.331,0,0.000575558,-4.4400001,1,1,1,0,0,0,0,98.040001,16,5,6.4000001,7.3000002,0.60606062,0.68965518,1.0932401,1.0772834,82.5,79,8,23.1,24,0.57999998,39.900002
Chad,2.6666667,2.5500002,-9,-5.6999998,-4.1999998,-3.8800001,2.357935,5.6197171,5.4655046,5.3593326,1,0.5,0,0.20999999,0,0.067647107,-2.6900001,1,1,0.69999999,1,0,0,1,97.360001,18,4,2.4000001,2.4000001,0.5,0.47619048,1.0656455,1.0539325,78.300003,77,8.6999998,32,31,0.44,22.799999
Chile,5.8333335,6,6,-4.4000001,-2.9000001,8,3.4752352,7.6946421,7.7580981,7.9175959,0,0,0,0.82099998,0,0.000930129,5.8400002,3.1904762,7,2.2,0,0,0,0,97.190002,0,10,9,12.5,0.97435898,0.98717946,1.0829875,1.084022,47.5,49,25.6,4.4000001,78,0.52999997,84.199997
China,1.5,1.1500001,-8.6000004,-7.5,-7,-7,2.5428255,4.435008,4.893106,5.5845609,0,0.015,0,0,0,0.008043937,-0.2,1,1,1,1,0,6,6,106.32,19,4,21.799999,21.799999,0.94366199,1,1.060383,1.0627737,87.300003,86,5.0999999,6.6999998,73,0.38,31.9
Col,4.1666665,4.4000001,7,7.6999998,8,8,3.3261309,7.1107988,7.4097157,7.5744686,0,0,0,0.96600002,0,0.040253744,7.3899999,9,9,9,0,0,0,0,97.620003,1,26,12.2,11.8,1.0142857,1,1.1040119,1.0967742,60.200001,60,47.400002,8.3000002,73,0.54000002,73.599998
Com,3.1666667,3.8499999,,-3,-5.4000001,4,2.7126496,,6.2143154,6.2725306,1,0.86000001,1,0.001,0,2.76461E-05,2.6700001,1.6875,,2,0,0,0,0,98.75,15,4,0,0,0.83333331,0.86842108,1.0487804,1.0479453,75.900002,73,6.1999998,28.299999,35,0.44,31.5
Cong,2.5,3.4499998,-7,-7.1999998,-8,1.86,2.9698815,6.2099404,6.4845653,6.9036984,0,0.02,0,0.53899997,0,0.48754334,-3.1600001,1,2,1,1,0,0,0,97.129997,19,5,12,12,0.81578946,0.81159419,1.0971922,1.0853659,73.300003,71,7.4000001,10.6,63,0.44,60.200001
Cong-Z,1.5,1.0999999,-9,-9,-8.8999996,-7.5,2.3926969,5.8500104,5.8064113,5.5618472,0,0.1,0,0.484,0,0.027779337,-2.1700001,1.0476191,0.60000002,1,1,0,3,2,97.25,28,4,0,0,0.65957445,0.7027027,1.0630082,1.0499002,75.300003,72,8,18.799999,31,0.44,29.200001
Cotd'lv,2.8333333,2.75,-9,-9,-8.8000002,-6.25,2.8981764,6.6272564,6.9811215,6.7868085,1,0.22,0,0.185,0,0.050745506,0.026000001,1.0476191,1,1,0,0,0,0,104.06,21,3,8,8.5,0.66666669,0.65217394,1.0238096,1.0126315,51.099998,51,9.1000004,32.400002,38,0.34999999,44.700001
CR,6.5,6.5999999,10,10,10,10,3.3807538,7.6364956,7.9576125,7.9392047,0,0,0,0.90499997,0,0.001710982,7.9000001,10,10,10,0,0,1,1,102.32,0,19,19.299999,19.299999,0.9848485,0.98507464,1.0619112,1.0630027,44.400002,46,28.6,4.3000002,67,0.44999999,50.299999
Cro,4.5,4.1999998,,,,0,3.7349598,,,8.6011667,0,0.012,0,0.76999998,0,0.02404665,5.7399998,1.0952381,,,3,0,0,0,95.050003,4,19,7.1999998,20.5,1.0149254,1.0147059,1.1119186,1.1131805,73.099998,73,16.200001,0.69999999,68,0.25999999,56.5
Cub,1,1,-7,-7,-7,-7,3.3439991,,,,0,0,0,0.31999999,0,0.037947658,6.0799999,1,1,1,0,1,1,0,100.09,0,9,27.6,27.6,1.0428572,1.0131578,1.0512129,1.052349,63.400002,65,10.7,3.4000001,76,0.34,76.699997
Cyp,7,7,4.1999998,9.1000004,10,10,4.017242,,8.5468884,9.0089302,0,0.18000001,0,0.013,0,0.00347723,2.73,9.4285717,3.5,9.1000004,2,0,1,3,99.669998,7,3,5.4000001,10.7,1.0447761,1.0447761,1.0596026,1.0593667,62.5,62,7.6999998,1.6,68,0.36000001,55.200001
Cze,6.5,6.5,-5.5999999,-7,-5.4000001,9.5,3.7218106,,,8.5697279,0,0,0,0.50400001,0,0.017497584,9.0900002,1.3333334,0.89999998,1,0,0,0,1,94.5,0,14,13.9,15,1,1.0144928,1.1009958,1.0937063,86.199997,83,0,0,70,0.23999999,65.699997
Den,7,7,10,10,10,10,4.4933605,9.9211426,10.158207,10.303971,0,0.01,0,0.006,0,0.010677216,9.7200003,10,10,10,0,0,0,0,97.260002,0,17,37.400002,38,1.045977,1.0638298,1.0726027,1.0663956,84.699997,84,45,0,97,0.23,85.400002
Dji,3,2.5,,-8,-8,-6.5,2.9542425,,,7.1877971,1,0.94,1,0.067000002,0,4.77592E-05,-2.3299999,1,,1,0,0,0,0,106.56,27,3,0,0,0.70833331,0.69230771,1.0677618,1.059952,,,5,17.6,22,0.33000001,82.699997
DR,5.6666665,5.1999998,-3,-0.30000001,6,6.5,3.1354506,6.6008806,7.0694776,7.227108,0,0,0,0.96600002,0,9.26952E-05,1.33,6.6190476,3.7,6.3000002,0,0,0,0,102.56,1,14,14.5,16.1,1.0952381,1.0869565,1.0594203,1.0802469,44.099998,47,4,16.4,72,0.46000001,63.299999
Ecu,5.3333335,5.5999999,1.6,-1.7,8.6000004,8.8800001,3.168792,8.5383377,9.002161,9.131319,0,0,0,0.96399999,0,0.095772251,4.5700002,6.7142859,6,4.5,1,0,2,2,99.099998,5,9,17.4,23.200001,0.85897434,0.92500001,1.077266,1.0766962,37.599998,39,20,6,77,0.41999999,60.400002
Egy,2.1666667,2.25,-7,-6.5,-4.8000002,-3,2.9872193,6.0668607,6.3530326,6.770546,1,0.89999998,1,0.002,0,0.026612414,-3.4000001,2.3333333,1,1.5,1,7,1,1,101.91,26,5,2,2.4000001,0.85714287,0.89999998,1.0494591,1.0487063,43.200001,44,6.0999999,22.200001,76,0.27000001,45.099998
ElSal,5.5,5.1500001,0,-1.7,4.1999998,8.8800001,3.1392493,7.3414693,7.4788885,7.2012095,0,0,0,0.96200001,0,0.004321104,6.3000002,6.1875,7.4000001,4.1999998,0,1,0,1,97.540001,7,24,16.700001,9.5,0.984375,1.0158731,1.0902256,1.0894188,52.299999,54,15.4,16.9,63,0.5,45.599998
Erit,2.3333333,2.6300001,,,,-2,2.217484,,,,1,0.5,0,0.5,0,0,-4.5999999,1,,,1,0,0,0,100.18,30,6,21,14.7,0.80000001,0.82758623,1.0628803,1.0533596,88.800003,87,11.8,21.5,26,0.44,17.700001
Est,6.5,6,,,,8,3.6519561,,8.3063211,8.4120255,0,0,0,0,0,0.025267622,8.1300001,1.1428572,,,0,0,0,0,87.239998,0,16,10.9,17.799999,1.0375,1.0595238,1.1825397,1.1674347,85.300003,82,14.3,0,86,0.34,73.5
Eth,3.3333333,3.0999999,-9,-6.9000001,-7.6999998,1,2,,,4.6712885,1,0.40000001,0,0.007,0,0.001329527,-5.6300001,1,1,0.89999998,2,4,6,7,100.19,16,14,2,7.6999998,0.58064514,0.55882353,1.0448114,1.0324074,69.699997,67,22.200001,35.099998,27,0.38,16.299999
Fiji,4.5,4.3499999,9,9,5,4.5,3.3721752,7.3013468,7.6592393,7.6966453,0,0.079999998,0,0.090000004,0,6.36E-06,-2,8,9,9,0,0,0,0,100.92,7,15,5.8000002,5.6999998,0.97530866,0.98809522,1.0609065,1.0519288,41.700001,45,20.700001,5.1999998,83,0.38,41.200001
Fin,7,7,10,10,10,10,4.4142547,9.4059,9.7988214,10.077079,0,0,0,0.001,0,0.007836092,7.6300001,10,10,10,0,0,0,0,96.879997,0,16,33.5,36.5,1.0638298,1.010101,1.1041096,1.0974289,87.300003,86,44.400002,0,100,0.23999999,63.900002
Fra,6.5,6.5,6.1999998,8,8.5,8.5,4.4086471,9.5130644,9.8702841,10.060463,0,0.075000003,0,0.764,0,0.00497707,10,10,10,10,1,2,1,0,95.160004,0,12,9.1000004,10.9,1.0329671,1.032258,1.1051213,1.103079,76.5,76,37.900002,0,94,0.31,75
Gab,3.5,3.6500001,-8.1999998,-9,-8.1000004,-3,3.6475785,7.890698,8.6154823,8.4668865,0,0.01,0,0.65200001,0,0.47120965,-3.23,1,1.7,1,0,1,0,0,100.48,20,7,9.6000004,9.1999998,1.0235294,1.0235294,1.0528376,1.0466019,78.300003,76,12.1,19.299999,86,0.44,52.200001
Gam,2,3.0500002,8,8,7.0999999,-0.75,2.5728717,5.7342,5.8524499,5.929482,1,0.85000002,0,0.018999999,0,6.31458E-05,-0.1,9.5714283,10,10,0,0,0,0,99.419998,12,19,2,2,0.72916669,0.6981132,1.0704846,1.0623608,79.800003,78,30.799999,37.599998,45,0.44999999,30.4
Geo,4.3333335,3.6999998,,,,4.1300001,3.3253105,6.5682683,6.9880061,7.3034873,0,0.1,0,0,0,0,2.73,1.1428572,,,1,0,0,0,89.370003,2,6,6.9000001,7.1999998,1.0142857,1.0289855,1.1211679,1.1188406,79.800003,78,9.6999998,,70,0.31,59.299999
Ger,6.5,6.5,,,10,10,4.3564081,,9.9451065,10.152756,0,0.037,0,0.43799999,0,0.002892838,9.6000004,10,,,0,2,0,1,97.620003,0,5,29.799999,31.700001,0.9775281,0.97894734,1.0852504,1.0832214,69.5,69,35.700001,0,94,0.28999999,86.900002
GerEast,,,10,10,10,,,,,,,,,,,,,,10,10,,0,0,0,,,,,,,,,,,,,,,,
GerW,,,-9,-9,-7.1999998,,,,,,,,,,,,,,1,1,,0,0,0,,,,,,,,,,,,,,,,
Gha,5.1666665,4.0999999,-3.5999999,-2.7,-6.3000002,2.71,2.5465426,6.0992479,6.060708,5.820085,0,0.16,0,0.18700001,0,0.014268136,-0.17,1.8421053,1.2,2.3,0,2,0,0,98.07,23,9,9,9,0.78723407,0.86666667,1.0600343,1.0468469,100.9,98,8.6000004,15.1,42,0.31,36.799999
Gre,6,6.0999999,-4.8000002,2.7,9,10,4.0308022,8.6293888,9.1709604,9.2554512,0,0.029999999,0,0.004,0,0.008099281,5.0799999,8.1999998,1.6,6.3000002,0,2,0,2,98.099998,6,6,6.3000002,8.6999998,1,1.0125,1.0674603,1.0701058,57.299999,58,7.0999999,1,81,0.31,59.5
Guat,4.5,4.0499997,2.5999999,-2.4000001,-1,4.8800001,3.1328998,6.9678063,7.2628698,7.2295771,0,0,0,0.94,0,0.003869102,5.6700001,4.9499998,4.9000001,5.0999999,0,0,0,0,101.2,16,10,12.5,8.8000002,0.84313726,0.8490566,1.0944625,1.0932475,38.700001,42,7.0999999,18.799999,65,0.47,39.400002
Guin,2.5,2.5,-9,-9,-7.5999999,-2.5,2.7259116,,,6.2510157,1,0.83999997,0,0.011,0,4.33657E-05,0.49000001,1,1,1,0,2,0,0,96.269997,28,13,8.8000002,8.8000002,0.52777779,0.54054052,1.0217391,1.0212766,90.5,89,11.1,28.1,49,0.56999999,30.6
Guin-B,3.8333333,3.6999998,,-7,-7.5,0.28999999,2.3483047,5.3390141,5.3417006,5.3519225,0,0.30000001,0,0.094999999,0,3.32536E-05,-1.35,1.0588236,,1,0,0,0,1,94.610001,35,16,10,7.8000002,0.55813956,0.57446808,1.0689656,1.0645162,65.699997,63,8.3000002,19.700001,37,0.52999997,22.5
Guy,6,5.6500001,1.4,0,-7,4.3800001,2.7435098,6.663271,6.8307352,6.6349864,0,0.1,0,0.18000001,0,6.44E-06,4.5799999,4.4285712,6,5.6999998,0,0,0,0,101.45,2,19,15.6,20,1,1.0153847,1.111293,1.1426146,48.900002,49,5.5999999,0.89999998,66,0.38,36.400002
Hai,2.8333333,2.4499998,-9,-9.6000004,-5.0999999,3.5,2.6821451,6.2198901,6.2755942,6.259903,0,0,0,0.82599998,0,3.04E-06,3,1.8421053,1,1.4,0,0,0,0,97.300003,6,9,3.5999999,3.5999999,0.95999998,0.96226418,1.0933852,1.1207243,72.800003,70,18.200001,44.200001,52,0.46000001,33
Hon,5.1666665,5.1999998,-1,-0.80000001,5,7,2.8337843,6.3217983,6.5070624,6.5339365,0,0,0,0.958,0,0.000644917,6.5700002,6.7368422,6,5.5,0,2,0,2,100.23,1,15,9.3999996,5.5,1.0350877,1.05,1.0711111,1.0901898,45.099998,47,33.299999,25.5,61,0.50999999,45
Hun,6.5,6.4000001,-7,-7,-4.0999999,10,3.686368,7.7267065,8.1996984,8.4560843,0,0,0,0.53899997,0,0.009062192,5.0700002,1.5,1,1,0,0,0,0,90.440002,0,11,8.3000002,8.3000002,1.0273973,1.050633,1.1212575,1.1266766,73.599998,71,35.900002,0.80000001,81,0.28,65.5
India,5.5,4.75,9,8.1999998,8,8,2.5198281,5.2775002,5.3851604,5.6145177,0,0.17,0,0.012,0,0.001541556,0.38,7.4761906,9,7.8000002,3,16,4,11,106.58,26,5,8.3000002,8.8000002,0.75806451,0.7903226,1.0096308,1.0159236,50.299999,50,10.1,20.6,55,0.34999999,27.4
Indo,3.8333333,3.1500001,-6.8000002,-7,-7,-6.75,2.8909795,5.5616298,5.9886336,6.4412227,1,0.87,0,0.027000001,1,0.075036407,6.5700002,2,2.5,2,0,5,0,0,99.599998,14,2,11.4,8,0.89705884,0.89705884,1.0584518,1.0606532,66.900002,67,5.9000001,7,65,0.34,37.400002
Iran,2,1.6999998,-10,-8,-5.4000001,-6,3.023664,,7.5362558,7.2049274,1,1,0,0.001,1,0.17194992,-5.1599998,1.5,1,0.80000001,1,3,11,12,104.56,18,1,4.9000001,3.4000001,0.89473683,0.90789473,1.0218978,1.0264705,35.599998,37,9.3999996,13.7,73,0.36000001,60
Iraq,1,1,-6.1999998,-7.4000001,-9,-8,3.3873899,,,,1,0.97000003,1,0.017999999,1,0.25802749,-3.8,1,2.4000001,1,1,4,12,11,102.35,24,0,6.4000001,6.4000001,0.7719298,0.7719298,1.0492611,1.0492611,24,24,0,31.75934,50.629993,0.33000001,75.5
Ire,7,7,10,10,10,10,4.1432333,8.8107071,9.1593657,9.4184198,0,0,0,0.95300001,0,0.002863029,10,10,10,10,0,0,0,0,98.690002,0,11,13.7,12,1.0465117,1.0449438,1.076087,1.0702703,50.799999,52,18.799999,0,91,0.34,57.900002
Isr,6.1666665,6.0500002,9.1999998,9,9,9,4.132452,8.8453798,9.2693424,9.4488039,0,0.146,0,0.01,0,0.00117976,-2.9200001,9,9.6000004,9,1,26,8,4,98.910004,6,7,7.5,13.3,1.0253165,1.0243902,1.0528401,1.0508474,66.900002,67,6.0999999,2.5999999,83,0.34,90.900002
Ita,6.5,6.5,10,10,10,10,4.2586613,9.0722685,9.4428406,9.6914616,0,0.01,0,0.83200002,0,0.003061512,3.74,10,10,10,1,0,0,0,95.18,1,10,10,9.8000002,1.0375,1.074074,1.0826666,1.0849934,58.099998,58,17.6,1,84,0.25999999,66.699997
Jam,6,5.75,10,10,10,9.25,3.217747,7.59797,7.7596474,7.5896492,0,0,0,0.096000001,0,0.001236442,-2.8299999,10,10,10,0,0,0,0,99.330002,-8,19,16.299999,13.3,1.016129,0.98412699,1.0534979,1.0545703,86.400002,85,12.5,9.3000002,62,0.38999999,54.700001
Japan,6.5,6.4299998,10,10,10,10,4.5878568,9.5436192,10.117993,10.413929,0,0,0,0.006,0,0.000440526,6.0700002,10,10,10,0,0,0,0,96,0,2,8.8999996,7.3000002,0.96511626,0.97590363,1.0794271,1.0904393,67.300003,67,5.6999998,0,82,0.23999999,78.400002
Jor,3.8333333,4.0499997,-9,-9.6999998,-8.3000002,-3.1300001,3.1571543,,7.2574129,7.5141401,1,0.89999998,1,0.017000001,0,3.24929E-05,-4.4400001,1.4761904,1,1,1,11,0,1,105.06,18,1,2.5,1.3,1.0754716,1.0754716,1.0377358,1.0390738,31,34,0,4.0999999,55,0.34,72.599998
Kaz,2.5,3.1500001,,,,-0.5,3.3165994,,,7.620348,1,0.54000002,0,0,0,0.12099495,-4.6799998,1.1428572,,,0,0,0,0,92.599998,3,2,11.4,10.4,1.0675676,1.1095891,1.1544586,1.1895093,82.699997,81,17.5,0,77,0.34,60.400002
Ken,2.5,2.25,-2.8,-6.8000002,-6.9000001,-4.25,2.5502284,5.3632565,5.7324395,5.8173146,0,0.2,0,0.264,0,0.016718481,-3.3499999,1.1428572,1.75,1.2,0,1,0,2,100.64,20,7,3.5999999,3.5999999,0.98000002,0.98076922,1.037182,1.03,85.900002,85,1.4,10,51,0.41999999,30.4
Kuw,3.3333333,3.0999999,-9,-9,-8,-7.25,4.1003704,10.518929,10.038935,9.2613258,1,0.89999998,1,0.021,1,0.3524355,-7.1300001,1,1,1,2,0,2,1,132.69,7,5,0,0,1.0535715,1.0701754,1.0553306,1.0550336,49.900002,48,0,5.5999999,59,0.36000001,97.300003
Kyr,2.8333333,4.0999999,,,,4.3800001,3.193681,,,6.4252973,1,0.74000001,0,0,0,0.03096894,-5.9000001,1.1428572,,,0,0,0,0,95.230003,3,3,4.8000002,10,1.0441177,1.0769231,1.1358609,1.1238245,85.099998,84,10.5,,68,0.38999999,39.200001
Laos,1.5,1.5,0,-4.1999998,-7,-7,2.506505,,,5.6739917,0,0,0,0.008,0,0,-1.41,1,0,0.60000002,0,0,0,6,98.040001,33,0,21.200001,21.200001,0.77419353,0.80000001,1.0480769,1.0478011,86.900002,84,10.2,18.799999,58,0.28999999,21.799999
Lat,6.5,5.9000001,,,,8,3.5685537,7.3792605,7.7843637,8.1049137,0,0,0,0.57999998,0,0.004588396,7.6799998,1.1428572,,,0,0,0,0,85.139999,0,25,17,17,1.0434783,1.0375,1.1904,1.171561,85,80,6.6999998,0.2,82,0.31,73.400002
Leb,2.5,2.6500001,2.5999999,2,0,-3,3.235781,,,7.5264826,1,0.69999999,1,0.36199999,0,4.81964E-05,4.5500002,7,6.0999999,2.8,1,1,1,2,95.019997,15,0,2.3,2.3,1.0131578,1.0657895,1.0528635,1.0433567,38.700001,39,0,6.6999998,78,0.36000001,88.5
Les,4,3.8499999,5.4000001,-7.4000001,-7,3.71,2.5682018,5.097868,5.598372,5.9502306,0,0,0,0.435,0,0,8.5,1.6190476,7.4000001,1.8,0,0,0,0,95.470001,,14,10.6,3.8,1.1698114,1.1403508,1.047532,0.99563318,56.799999,56,0,35.400002,61,0.52999997,25.6
Libr,3.1666667,2.25,-6,-6.0999999,-5.6999998,0,2.220108,6.7097831,6.799819,6.3842893,0,0.2,0,0.018999999,0,2.01162E-05,-3.8,1.8,2,1.9,1,0,0,0,102.52,32,7,11,11,0.57095408,0.57095408,1.0520607,1.0495222,67.469879,67.469879,7,32,13.618194,0.44,43.137798
Liby,1,1,-7,-7,-7,-7,3.8097618,,,,1,0.99000001,1,0.002,1,0.25745174,-3.0899999,1,1.8,1,0,0,1,0,103.89,32,5,0,0,1,1,1.057101,1.0581396,30.200001,33,12.5,6.8000002,92,0.36000001,86.400002
Lith,6.5,6.1999998,,,,10,3.5039268,,,8.008112,0,0,0,0.88,0,0.050677113,7.6199999,1.1428572,,,0,0,0,0,88.809998,0,10,17.5,10.6,1.0547945,1.0779221,1.1757387,1.1556886,82.599998,80,18.9,0.5,80,0.31,73.099998
Mac,4.8333335,4.6700001,,,,8.1300001,2.9138138,,,7.9160948,0,0.30000001,0,0,0,0.004566422,4.1799998,1.1428572,,,0,0,0,0,101.69,0,19,7.5,6.6999998,1,1,1.0620593,1.0605633,71,72,10.9,0,70,0.31,60.700001
Mad,5,4.7999997,-1,-4.5999999,-6,8.71,2.4409091,5.9313059,5.8898587,5.6359663,0,0.090000004,0,0.25999999,0,0.003231567,8.6000004,2.6666667,3,3.3,0,0,0,0,99.879997,16,14,8,8,1,0.93478262,1.0535715,1.0446602,80.5,78,12.5,21.299999,44,0.44,27.6
Malaw,5.1666665,4.2999997,-9,-9,-9,1.75,2.1818435,4.7161627,5.0145321,4.9870224,0,0.15000001,0,0.27599999,0,9.65817E-05,1.03,1,1,1,0,0,0,0,98.120003,33,4,5.6999998,9.3000002,0.88607597,0.88461536,1.0179949,0.99004978,93.599998,90,11.8,15.5,73,0.44,14.2
Malay,3,3.3499999,6.4000001,4,4,4.5,3.5002365,7.0797949,7.5166516,7.8883867,1,0.52999997,0,0.028000001,0,0.075294122,2.5,6,9.1999998,6,0,3,0,0,100.85,12,14,10.3,10.4,1.03125,1.046875,1.062947,1.0699002,60.599998,61,6.0999999,7.5999999,66,0.46000001,55.099998
Mali,5.1666665,5.0999999,-7,-7,-7,6.71,2.3961995,5.5210338,5.6509881,5.5631437,1,0.89999998,0,0.007,0,6.18E-06,-2.48,1,1,1,0,0,2,2,94.800003,14,16,12.2,12.2,0.64516127,0.64705884,1.05,1.0396825,83.599998,79,33.299999,35.599998,28,0.47999999,28.1
Mauritan,2.5,1.9000001,-7,-7,-7,-6.1300001,2.641474,6.0387588,6.1991634,6.129611,1,1,0,0.003,0,0.00138836,-1.11,1,1,1,0,0,0,2,97.099998,21,6,2.2,3.8,0.80000001,0.84090906,1.0616571,1.0641283,76.599998,74,13.6,28.9,40,0.37,54
Mauritius,6.5,6.4499998,9,9,9.8999996,10,3.4705575,,7.464891,7.707612,0,0.16599999,0,0.31200001,0,0.001614201,8.1999998,9.4285717,9,9,0,0,0,0,97.360001,10,9,7.5999999,5.6999998,1.016129,1.032258,1.1060383,1.1139053,46.900002,48,9.1000004,11.7,63,0.44,40.700001
Mex,4.8333335,4.4000001,-6,-4.8000002,-2.0999999,3,3.6070259,7.5975385,7.9072762,8.0677872,0,0,0,0.94700003,0,0.025380898,2.8299999,4.8095236,2,3.5999999,0,0,0,0,96.949997,5,7,16.9,16,0.97183096,0.98591548,1.0863309,1.0857143,47,47,11.1,6.5,71,0.50999999,73.800003
Mol,5,4.1500001,,,,5.75,3.2494431,,7.3022156,7.4274025,0,0,0,0,0,0.00045894,6.5,1.1428572,,,0,0,0,0,91.32,3,11,8.8999996,12.9,1.0289855,1.0714285,1.1259843,1.1194267,86.400002,84,0,0.69999999,72,0.33000001,53.099998
Mon,5.5,5.5,-7,-7,-6.0999999,6.8800001,2.6972294,,,6.1219707,0,0,0,0,0,0.000907715,-1.25,1.0952381,1,1,0,0,0,0,100.15,24,2,7.9000001,10.5,1.244898,1.254902,1.0450311,1.0656815,88.5,88,10,10.7,58,0.31999999,61.900002
Mor,3.5,3.0999999,-9,-8.6000004,-8,-4,3.1172712,6.6180058,6.8967509,7.0822334,1,0.99000001,1,0.002,0,0.004448286,2.48,2,3.8,2,0,2,0,1,99.889999,28,6,0.69999999,0.60000002,0.76363635,0.79310346,1.0570987,1.056231,53.099998,52,4.9000001,21.9,52,0.38,53.299999
Moz,4.5,3.9000001,,-8,-7.5,1.5,2.1583624,,5.0764904,4.8647637,0,0.1,0,0.31400001,0,0.005204257,-0.60000002,1,,1,0,0,0,1,94.610001,31,13,25.200001,30,0.68965518,0.73076922,1.0615034,1.046875,91.599998,92,4,19.299999,23,0.38,36.5
Mya,1,1,-7,-6.5,-7.5,-9,2.863323,,,,0,0.039999999,0,0.009,0,2.50411E-05,1.72,1.0952381,1.7,1,2,0,0,2,100.78,13,0,0,0,0.9818182,1,1.0564103,1.0893855,76.300003,75,0,10.5,55,0.34,26.5
Nam,5.5,5.5499997,,,6,8,3.2895889,,7.811708,7.6943674,0,0,0,0.191,0,0,4.5,9,,,0,0,0,0,97.800003,5,15,17.299999,25,1.05,1.0389611,1.0231661,1.0022422,68.099998,67,16.299999,16.799999,78,0.44,38
Nep,4.5,4.6999998,-9,-9,-1.3,8,2.2600713,4.971797,4.9964209,5.1343942,0,0.037999999,0,0,0,1.42E-06,0.80000001,1.6190476,1,1,0,0,0,0,104.09,33,1,4.5,5.9000001,0.71014494,0.77611941,0.99131942,0.99149662,69.599998,66,14.8,16,60,0.34999999,10.9
Neth,7,7,10,10,10,10,4.380374,9.5678663,9.8856983,10.012093,0,0.039999999,0,0.426,0,0.039905876,10,10,10,10,0,2,0,0,98.43,0,13,31.6,36,0.97000003,1,1.076,1.0716181,65.5,66,31,0,100,0.31,89.099998
Nic,5.1666665,4.5999999,-8,-6.4000001,-1.5,7,2.6627579,6.717905,6.7948551,6.3527632,0,0,0,0.94700003,0,0.002125681,7.75,3.5263157,2,1.6,0,1,1,2,97.410004,-2,11,10.8,20.700001,1.0655738,1.0655738,1.0729483,1.0707831,53.200001,56,23.1,33.200001,63,0.47999999,63.200001
Niger,3,3.1500001,-7,-7,-7,1,2.3710678,6.0498996,5.7883658,5.5695024,1,0.85000002,0,0.002,0,1.85392E-05,-1.76,1,1,1,1,0,0,0,100.43,13,8,1.2,1.2,0.57894737,0.60000002,1.0682303,1.013363,77.599998,75,10,26.6,16,0.47999999,19.1
Nigeria,3.8333333,2.5999999,-7,-3.5,-2.4000001,-6,2.4116197,5.4095507,5.7344542,5.477273,1,0.5,0,0.121,1,0.41259882,-0.85000002,2.45,3.8,1.9,3,0,0,2,102.08,21,5,3.4000001,3.4000001,0.78688526,0.83673471,1.0574949,1.007767,55.799999,56,22.6,21.299999,45,0.47999999,41.299999
NKor,1,1,-9,-9,-9,-9,2.6711729,,,,0,0,0,0,0,,1.37,1,1,1,2,22,8,0,98.32,0,,20,20,,,1.0467128,1.0516543,78.823532,78.823532,,,,0.34,59.566101
Nor,7,7,10,10,10,10,4.4599953,9.5312099,9.8934402,10.191555,0,0,0,0.003,0,0.15394686,8.6300001,10,10,10,0,0,0,0,98.440002,0,23,36.400002,36.400002,1.0537634,1.0421053,1.0784575,1.0780423,83.800003,84,42.099998,0,97,0.25,73.599998
NZ,7,7,10,10,10,10,4.1768432,9.4087095,9.5525341,9.6313953,0,0,0,0.18700001,0,0.005261065,10,10,10,10,0,0,0,0,98.5,0,28,29.200001,30.799999,1.076087,1.0526316,1.0755736,1.0720961,78.099998,79,44,0,99,0.28999999,86.300003
Oman,2.1666667,2.0999999,-10,-10,-10,-9.1300001,3.746712,7.2623138,8.1316605,8.5232506,1,0.86000001,1,0.001,0,0.37929299,-5.5999999,1,1,1,0,0,0,1,109.68,29,4,0,0,0.94999999,0.94915253,1.0638607,1.0416069,20.4,25,0,15.4,58,0.36000001,79.5
Pak,2.6666667,3.4000001,0.60000002,0.40000001,-1.6,7.75,2.651278,5.4194527,5.640758,5.9704247,1,0.97000003,0,0.005,0,0.001380498,-1.99,3.5,4.3000002,3.2,2,11,2,6,104.84,29,3,2,2,0.5,0.54901963,1.0349761,0.99501663,40.299999,42,4,20.1,40,0.28999999,35.400002
Pan,6.1666665,5.6500001,-2.5999999,-6.6999998,-3.4000001,8.6300001,3.4019172,7.685895,7.9795723,8.0320587,0,0,0,0.85000002,0,0.003022536,8.8999996,2.6190476,4.5,1.6,0,0,0,1,102.51,2,5,9.6999998,9.8999996,1.0277778,1.0410959,1.0640669,1.0637119,53.900002,55,20,7.6999998,74,0.46000001,56.5
PapNG,5.5,5.25,,10,10,10,2.9484129,6.5661683,6.8223286,6.7146325,0,0,0,0.32800001,0,0.089642122,3,10,,10,0,0,0,0,106.44,18,5,1.8,1.8,0.82499999,0.83333331,1.0262238,1.0340502,76.900002,79,0,23.200001,38,0.47999999,16.6
Par,4.5,4.6500001,-8.1999998,-8,-6,5.75,3.2591159,6.8873215,7.2387376,7.4934778,0,0,0,0.95999998,0,0.000230471,8.0699997,2.4761906,1.4,2,0,1,0,0,101.55,4,7,8,2.5,0.98461539,1,1.0666667,1.0676471,42.400002,43,6.6999998,5.8000002,64,0.56,53.900002
Peru,4,3.5999999,-2.2,-4.1999998,7.0999999,1.5,3.303628,7.6960635,7.8325977,7.7672024,0,0,0,0.95099998,0,0.006674673,8.3000002,4.4736843,4.5,1.4,1,0,2,2,101.22,13,20,10.8,17.5,0.96249998,0.97530866,1.0758725,1.075075,43,43,16.200001,4.6999998,80,0.44,71.599998
Phil,5.5,5.1500001,3.8,-7.9000001,-0.1,8.8800001,3.0269415,6.6943989,6.9385204,6.9872317,0,0.050000001,0,0.84100002,0,0.004273552,2.1700001,3.05,6,1.5,0,0,0,0,99.139999,1,17,12.9,17.799999,1.0625,1.05,1.0556391,1.0594354,60.799999,61,4.5,4.9000001,82,0.44,56
Pol,6.5,6.3000002,-7,-6.9000001,-4.5999999,8.5,3.4623981,,,7.8649178,0,0,0,0.81,0,0.013507813,8.3400002,1.9047619,1,1.1,0,0,0,0,94.720001,1,11,12.9,20.200001,1.012987,1.0361446,1.127566,1.1199422,81.400002,80,18.700001,0.30000001,84,0.31,64.400002
Por,7,7,-9,1.8,9.8999996,10,3.9865925,8.2406864,8.7837896,9.0068274,0,0,0,0.94099998,0,0.005106869,1.6,8.1052628,1,5.3000002,0,1,1,0,92.269997,7,11,13,18.700001,1.0568181,1.0531915,1.0974931,1.0984744,71.900002,71,9.6999998,5.0999999,96,0.34,36.5
Qat,2,2.3,,-10,-10,-10,4.176959,,,,1,0.93000001,1,0.012,1,0.41323537,-7.4000001,1,,1,0,0,0,0,,1,0,0,0,1.0724638,1,1.0771428,1.0378457,30.700001,45,0,16.9,75,0.36000001,91.800003
Rom,6,4.9499998,-7,-7.4000001,-5.9000001,6.1300001,3.1975563,,,7.5135231,0,0,0,0.048999999,0,0.01733025,5.1399999,1.3,1,1,0,0,0,0,94.550003,4,9,5.5999999,10.7,1,1.0294118,1.1163142,1.1022556,77.599998,76,20,0.69999999,69,0.27000001,56.799999
Rus,3.5,4.25,,,,4.5,3.5644293,7.4579511,7.894515,8.1739922,0,0.059999999,0,0,0,0.13173212,3.9200001,1.1428572,,,3,5,4,2,87.650002,1,5,7.5,7.5999999,1.081081,1.0933334,1.2013202,1.2063228,83.599998,82,2.4000001,0.60000002,78,0.46000001,76.599998
Rwa,1.5,1.6999998,-5,-6.5999999,-7,-6,2.4653828,5.4834371,5.5915904,5.7501445,0,0.01,0,0.55599999,0,2.25E-06,-4.6799998,1.7142857,6,2,1,0,0,0,98.57,19,15,17.1,25.700001,0.95454544,0.9512195,1.0583756,1.038071,93.199997,89,13,21.799999,40,0.27000001,5.8000002
SAf,6.5,5.5,4,4,4.0999999,7.8600001,3.6141586,8.1451893,8.3838749,8.3754349,0,0.02,0,0.101,0,0.016054977,1,2.0476191,2,2,0,0,1,1,98.230003,2,16,28.4,29.799999,1.0107527,1.0786517,1.1281554,1.0737052,59.400002,59,38.099998,13.4,93,0.56999999,49.700001
SArab,1,1.0500002,-10,-10,-10,-10,3.8512583,8.5996704,9.2161503,8.9932051,1,1,1,0.001,1,0.32885793,-4.6700001,1,1,1,2,1,1,0,123.68,27,0,0,0,0.91379309,0.96774191,1.0500715,1.0354609,21.1,27,0,14.1,61,0.36000001,84.099998
Sen,4.1666665,4.0499997,-7,-5.0999999,-1,1.13,2.757396,6.4646411,6.384469,6.3407087,1,0.94,0,0.056000002,0,0.030458676,-0.52999997,5.1428571,1,1.7,0,0,1,3,95.080002,19,10,19.299999,19.200001,0.77499998,0.77499998,1.0732673,1.0718447,74.300003,72,15.6,30.4,36,0.38999999,45
Sing,3,2.8,-2,-2,-2,-2,4.300313,8.2373924,9.0324678,9.5640755,0,0.12,0,0.046999998,0,0.13429241,-0.30000001,2,2.4000001,2,0,0,0,0,99.559998,11,7,4.8000002,11.8,0.95945948,0.9868421,1.058745,1.0583555,64.800003,64,5.6999998,3.5999999,75,0.28999999,100
SKor,6,5.9000001,3,-7,-1.2,9.25,3.9012947,7.4396596,8.079917,8.6691389,0,0,0,0.039000001,0,0.009464807,-0.38,3.6500001,5.8000002,2.4000001,0,11,8,0,101.81,5,7,3.7,5.9000001,0.89361703,0.89473683,1.1046512,1.1039326,70.099998,70,6.5,0.60000002,90,0.30000001,83.5
SLeo,3.8333333,2.5,0.40000001,-6.3000002,-7,-4.1300001,2.4456041,5.6841679,5.8242941,5.8034325,1,0.30000001,0,0.022,0,0.001896154,2.7,1.4285715,5.1999998,1.7,0,0,0,0,94.360001,27,10,8.8999996,8.8000002,0.65625,0.65625,1.0810056,1.0691489,55.200001,54,8.1000004,27.5,27,0.60000002,34.599998
Slovak,6.3333335,5.5599999,,,,7.1700001,3.5826313,,,8.3320122,0,0,0,0.60299999,0,0.023246747,9.0200005,1.3333334,,,0,0,0,0,94.730003,0,22,12.7,14,1.027027,1.0405406,1.1083815,1.1139971,86.800003,84,19,0,76,0.18000001,59.700001
Sloven,6.5,6.3499999,,,,10,3.9849322,,,9.1756811,0,0.01,0,0.708,0,0.007702346,6.8099999,1.0952381,,,0,0,0,0,94.480003,1,16,7.8000002,12.2,1.054054,1.0625,1.1076487,1.1032078,81.5,80,15,0.40000001,83,0.25999999,51.799999
Som,1.1666666,1.0500002,1.4,-7,-7,,2.230449,,,,1,1,1,0,0,0.001349749,-2.45,1,3.4000001,1,0,5,7,7,104.47,22,0,0,0,0.52658355,0.52658355,1.0682819,1.0719614,74.712646,74.712646,0,,5.9793868,0.33000001,26.3594
Spa,6.5,6.5,-7,-0.1,9.8999996,10,4.1297221,8.8188591,9.2350969,9.3860502,0,0,0,0.96899998,0,0.0040374,2.03,7.2777777,1,3.0999999,0,0,0,0,96.029999,3,7,19.9,28.299999,1.0561798,1.0879121,1.0939597,1.0933334,55.5,56,17.6,1.2,95,0.31,76.900002
SriLan,4.5,3.9499998,7.1999998,7.4000001,5.1999998,5,2.7708521,5.7402263,5.9626141,6.301333,0,0.07,0,0.068000004,0,0.000354702,8.6000004,6.6190476,5.1999998,7,0,0,0,0,98.839996,8,7,5.3000002,4.4000001,1.0307692,1.0441177,1.0634696,1.0834532,55.400002,55,13,5,70,0.33000001,22.6
Sud,1,1,4.1999998,-7,-2.0999999,-7,2.2966652,5.3889356,5.4355383,5.4313469,1,0.69999999,1,0.044,0,6.63534E-05,-4.73,1.7894737,2.7,1,1,0,0,2,102.54,29,0,5.3000002,9.6999998,0.83783782,0.8611111,1.0522388,1.051282,41,41,5.0999999,20.700001,34,0.33000001,33.299999
Swaz,2.6666667,2.5500002,0,-8,-10,-9.25,3.1601684,6.7282925,6.9493027,7.1058226,0,0,0,0.108,0,0,5.4499998,1.7142857,6,2,0,0,0,0,97.800003,4,12,6.3000002,3.0999999,0.95945948,0.94594592,1.0794473,1.0320367,55.5,52,12.5,18.4,72,0.56999999,33
Swe,7,7,10,10,10,10,4.4215546,9.7060032,9.9585695,10.126584,0,0,0,0.014,0,0.007581384,8.5699997,10,10,10,0,0,0,0,97.940002,0,31,42.700001,42.700001,1.0526316,1.0526316,1.0589777,1.0647669,90,89,55,0,100,0.23999999,83.199997
Swit,7,7,10,10,10,10,4.6622949,10.350318,10.531983,10.645045,0,0,0,0.528,0,0.000662999,9.75,10,10,10,0,0,0,0,97.800003,0,9,20.299999,23,0.91566265,0.93103451,1.0848806,1.0845443,65.699997,66,28.6,0,84,0.31,61.599998
Syr,1,1,-7.4000001,-9,-9,-9,2.9804578,5.9322686,6.3646445,6.5311389,1,0.89999998,1,0.016000001,0,0.16956161,1.47,1,2.8,1,5,16,6,3,104.41,35,3,10.4,10.4,0.8888889,0.93846154,1.0674663,1.0342857,36.5,37,11.1,7.5,63,0.36000001,53.099998
Taj,2,1.9000001,,,,-4.8800001,2.8561244,,,7.1275716,1,0.92000002,0,0,0,0,-6.54,1.1428572,,,1,0,0,0,98.57,2,6,2.8,12.7,0.89041096,0.875,1.0934579,1.0896446,78.699997,79,3.7,0.2,67,0.31,32.400002
Tan,3.8333333,3,-7,-7,-7,-2.6300001,2.2430379,,,5.2140903,0,0.33000001,0,0.28200001,0,0.000567146,-2.1900001,1,1,1,0,0,6,0,96.910004,26,12,17.5,22.299999,0.969697,0.969697,1.0491453,1.0420001,95.199997,93,10.5,12.5,32,0.36000001,25.700001
Thai,5.5,4.6500001,-2,-0.89999998,2.3,6.75,3.302331,6.3921657,6.8261271,7.2839384,0,0.037999999,0,0.004,0,0.00607203,-2.8499999,6,1.9,3.8,2,6,7,15,97.300003,6,6,6.5999999,9.1999998,1.0172414,1.0166667,1.0942249,1.0876671,86.300003,85,5.6999998,3.0999999,60,0.38999999,20.6
Togo,2.8333333,2.5500002,-6.8000002,-7,-7,-2,2.5740314,5.7966018,6.0182829,5.9624367,0,0.1,0,0.29300001,0,0.000950892,0.72000003,1,1.6,1,0,1,0,0,97.080002,35,7,1.2,4.9000001,0.62666667,0.64473683,1.052521,1.0474309,65.400002,62,7.4000001,16.5,62,0.44,31.700001
Trin,6.3333335,6.6500001,8,8,8.6999998,9,3.6122539,7.8007741,8.1814203,8.4210863,0,0.057999998,0,0.35800001,0,0.22777256,6.3000002,7.6666665,7,7,0,0,0,0,102.06,5,17,19.4,16.700001,0.98507464,1,1.0657343,1.0652778,56.299999,59,8.6999998,3.9000001,65,0.38,72.699997
Tun,2.5,2.5500002,-8.8000002,-9,-6.8000002,-3.5,3.2607868,6.7886028,7.237401,7.4510455,1,1,1,0.001,0,0.029483385,-0.37,1.6666666,1,1,0,1,0,0,102.87,26,8,7.4000001,11.5,0.94444442,0.95999998,1.0336257,1.0362319,46.099998,47,10,13.4,74,0.38,63.400002
Turk,3.5,3.75,8,5.4000001,5,8.75,3.413132,7.4015598,7.5691347,7.7250061,1,0.99800003,0,0.001,0,0.001506471,1.22,7.1904764,9,6.8000002,2,5,1,7,102.29,22,13,2.4000001,4.1999998,0.80597013,0.80882353,1.0781955,1.07578,59.599998,61,0,5.5,62,0.38999999,71.900002
Turkmn,1,1.1999998,,,,-8.8800001,3.0622058,,,7.8793874,1,0.89999998,0,0,0,0.27420142,-3.73,1.1428572,,,0,0,0,0,97.169998,2,3,18,26,1,1,1.1130856,1.1065183,82.099998,81,3.0999999,,81,0.38999999,45
UAE,2.5,2.45,,-8,-8,-8,4.3219919,,10.454709,10.035985,1,0.94999999,1,0.004,1,0.93520141,-7.8499999,1,1,1,1,0,0,0,,1,0,0,0,1.0909091,1.0923077,1.0351827,1.0583446,28.1,37,0,15.3,68,0.36000001,84.800003
Uga,3.1666667,3.0999999,-5.1999998,-5.3000002,-2.3,-4,2.3996737,,,5.4653282,0,0.16,0,0.49599999,0,0.001197967,-5.52,2.3157895,2.4444444,1.4,0,0,7,5,100.31,26,13,18.1,24.700001,0.81818181,0.83673471,1.0385604,1.0300231,89.900002,88,27.1,16.200001,45,0.37,13.2
UK,6.5,6.5,10,10,10,10,4.2560439,9.2824087,9.5020781,9.6831942,0,0.029999999,0,0.131,0,0.012564928,9.75,10,10,10,1,1,2,1,96.540001,0,20,12.3,17.9,1.010101,1,1.0711409,1.0664893,74.300003,74,33.299999,0,100,0.34,89.300003
Ukr,4.3333335,4.4499998,,,,6.3800001,3.2964458,,,7.6149373,0,0,0,0.41499999,0,0,7.3699999,1.1428572,,,0,0,0,0,86.830002,1,3,7.9000001,7.8000002,1.081081,1.012987,1.1551725,1.1722488,81.900002,80,0,0.5,77,0.31,71.099998
Uru,6.6666665,6.4000001,8,-6.0999999,2.8,10,3.6637952,8.3051701,8.4389362,8.4934301,0,0,0,0.625,0,0.000763911,7.5999999,4.3157897,10,0.80000001,0,0,0,0,95.25,-1,12,6.9000001,12.1,1.0945946,1.0921053,1.106383,1.1056339,66.199997,66,6.6999998,1.9,79,0.40000001,90.699997
US,7,7,10,10,10,10,4.4042006,9.6418209,9.8700075,10.066298,0,0,0,0.57599998,0,0.001547054,2.8299999,10,10,10,2,22,3,5,95.699997,0,32,12.5,14,1.0659341,1.0879121,1.0912807,1.0782726,81.099998,81,31.799999,0,95,0.38999999,76.599998
USSR,,,-7,-7,-5.9000001,,,,,,,,,,,,,,1,1,,0,0,0,,,,,,,,,,,,,,,,
Uz,1.5,1.4000001,,,,-9,3.126456,,,6.4031129,1,0.91000003,0,0.81800002,0,0,-5.3299999,1.1428572,,,1,0,0,0,97.910004,13,5,6,7.1999998,0.94871795,0.93670887,1.0995334,1.0877458,85.699997,85,4.4000001,6.3000002,76,0.31999999,41.599998
Ven,4.5,5,7.4000001,9,9,8.1300001,3.5254335,8.3085728,8.356885,8.1618586,0,0,0,0.73299998,1,0.19741717,7.48,10,8.3999996,10,0,1,0,0,101.76,2,5,12.2,9.6999998,1.030303,1.03125,1.0814285,1.0823864,51.900002,53,0,6.9000001,65,0.46000001,86.5
Vie,1.1666666,1,,-7,-7,-7,2.3138673,,,5.2728763,0,0,0,0.53399998,0,0.002888141,-4.54,1,,1,1,7,10,5,95.559998,7,3,26.200001,26,0.921875,0.92753625,1.072419,1.0713202,93.900002,91,7,4.5999999,67,0.34,19.5
VieN,,,-7.5999999,-7,,,,,,,,,,,,,,,1,1,,0,0,0,,,,,,,,,,,,,,,,
VieS,,,-3,-3,,,,,,,,,,,,,,,6,6,,0,0,0,,,,,,,,,,,,,,,,
Yem,2.5,2.6500001,,,0,0,2.4248817,,,5.6073251,1,1,1,0.317,0,0.22277302,-5.8000002,2.3333333,,,1,1,1,1,101.84,42,0,0.69999999,0.69999999,0.38571429,0.40277779,1.0174216,1.0369748,39,37,0,11.8,51,0.38,35.299999
YemN,,,-3,-4.5,-5.6999998,,,,,,,,,,,,,,3.3,2.3,,0,0,0,,,,,,,,,,,,,,,,
YemS,,,-5.25,-7,-7.5,,,,,,,,,,,,,,2.75,1.3,,0,0,0,,,,,,,,,,,,,,,,
Yug,3,2.4000001,-7,-6.8000002,-5,-6.25,3.1338582,,,,0,0.2,0,0,0,0.002216311,7.1799998,1.0952381,1,1,5,0,0,0,98.32,,7,6,6,1.0355822,,1.0732758,1.0706638,75.324677,75.324677,7,,,0.31,51.4599
Zam,3.5,4.1999998,0.80000001,-8.1000004,-9,4.1300001,2.6532125,6.519259,6.4969339,6.2580447,0,0,0,0.588,0,0.005012438,0,1.4761904,6,1.5,0,0,3,1,99.209999,19,10,10.3,12,0.86792451,0.88461536,1.0278481,0.97846889,80,75,6.1999998,12.5,49,0.47,43.599998
Zim,2.6666667,3,4,3.7,-1,-5.8800001,2.8488047,6.2050514,6.449182,6.4451284,0,0,0,0.62300003,0,0.002891437,5.8499999,2.8,2,2.2,0,0,5,0,99.419998,12,9,14.7,10,0.92957747,0.9402985,1.0252293,0.9837963,78.800003,78,36,6.3000002,65,0.54000002,33.200001
